"GSM_ID","Sample_Name","Condition","GSE","Platform"
"GSM2049057","Patient 1 Normal","Control","GSE77314","Illumina Genome Analyzer (GPL9052)"
"GSM2049058","Patient 2 Normal","Control","GSE77314","Illumina Genome Analyzer (GPL9052)"
"GSM2049059","Patient 3 Normal","Control","GSE77314","Illumina Genome Analyzer (GPL9052)"
"GSM2049060","Patient 4 Normal","Control","GSE77314","Illumina Genome Analyzer (GPL9052)"
"GSM2049061","Patient 5 Normal","Control","GSE77314","Illumina Genome Analyzer (GPL9052)"
"GSM2049062","Patient 6 Normal","Control","GSE77314","Illumina Genome Analyzer (GPL9052)"
"GSM2049063","Patient 7 Normal","Control","GSE77314","Illumina Genome Analyzer (GPL9052)"
"GSM2049064","Patient 8 Normal","Control","GSE77314","Illumina Genome Analyzer (GPL9052)"
"GSM2049065","Patient 9 Normal","Control","GSE77314","Illumina Genome Analyzer (GPL9052)"
"GSM2049066","Patient 10 Normal","Control","GSE77314","Illumina Genome Analyzer (GPL9052)"
"GSM2049067","Patient 11 Normal","Control","GSE77314","Illumina Genome Analyzer (GPL9052)"
"GSM2049068","Patient 12 Normal","Control","GSE77314","Illumina Genome Analyzer (GPL9052)"
"GSM2049069","Patient 13 Normal","Control","GSE77314","Illumina Genome Analyzer (GPL9052)"
"GSM2049070","Patient 14 Normal","Control","GSE77314","Illumina Genome Analyzer (GPL9052)"
"GSM2049071","Patient 15 Normal","Control","GSE77314","Illumina Genome Analyzer (GPL9052)"
"GSM2049072","Patient 16 Normal","Control","GSE77314","Illumina Genome Analyzer (GPL9052)"
"GSM2049073","Patient 17 Normal","Control","GSE77314","Illumina Genome Analyzer (GPL9052)"
"GSM2049074","Patient 18 Normal","Control","GSE77314","Illumina Genome Analyzer (GPL9052)"
"GSM2049075","Patient 19 Normal","Control","GSE77314","Illumina Genome Analyzer (GPL9052)"
"GSM2049076","Patient 20 Normal","Control","GSE77314","Illumina Genome Analyzer (GPL9052)"
"GSM2049077","Patient 21 Normal","Control","GSE77314","Illumina Genome Analyzer (GPL9052)"
"GSM2049078","Patient 22 Normal","Control","GSE77314","Illumina Genome Analyzer (GPL9052)"
"GSM2049079","Patient 23 Normal","Control","GSE77314","Illumina Genome Analyzer (GPL9052)"
"GSM2049080","Patient 24 Normal","Control","GSE77314","Illumina Genome Analyzer (GPL9052)"
"GSM2049081","Patient 25 Normal","Control","GSE77314","Illumina Genome Analyzer (GPL9052)"
"GSM2049082","Patient 26 Normal","Control","GSE77314","Illumina Genome Analyzer (GPL9052)"
"GSM2049083","Patient 27 Normal","Control","GSE77314","Illumina Genome Analyzer (GPL9052)"
"GSM2049084","Patient 28 Normal","Control","GSE77314","Illumina Genome Analyzer (GPL9052)"
"GSM2049085","Patient 29 Normal","Control","GSE77314","Illumina Genome Analyzer (GPL9052)"
"GSM2049086","Patient 30 Normal","Control","GSE77314","Illumina Genome Analyzer (GPL9052)"
"GSM2049087","Patient 31 Normal","Control","GSE77314","Illumina Genome Analyzer (GPL9052)"
"GSM2049088","Patient 32 Normal","Control","GSE77314","Illumina Genome Analyzer (GPL9052)"
"GSM2049089","Patient 33 Normal","Control","GSE77314","Illumina Genome Analyzer (GPL9052)"
"GSM2049090","Patient 34 Normal","Control","GSE77314","Illumina Genome Analyzer (GPL9052)"
"GSM2049091","Patient 35 Normal","Control","GSE77314","Illumina Genome Analyzer (GPL9052)"
"GSM2049092","Patient 36 Normal","Control","GSE77314","Illumina Genome Analyzer (GPL9052)"
"GSM2049093","Patient 37 Normal","Control","GSE77314","Illumina Genome Analyzer (GPL9052)"
"GSM2049094","Patient 38 Normal","Control","GSE77314","Illumina Genome Analyzer (GPL9052)"
"GSM2049095","Patient 39 Normal","Control","GSE77314","Illumina Genome Analyzer (GPL9052)"
"GSM2049096","Patient 40 Normal","Control","GSE77314","Illumina Genome Analyzer (GPL9052)"
"GSM2049097","Patient 41 Normal","Control","GSE77314","Illumina Genome Analyzer (GPL9052)"
"GSM2049098","Patient 42 Normal","Control","GSE77314","Illumina Genome Analyzer (GPL9052)"
"GSM2049099","Patient 43 Normal","Control","GSE77314","Illumina Genome Analyzer (GPL9052)"
"GSM2049100","Patient 44 Normal","Control","GSE77314","Illumina Genome Analyzer (GPL9052)"
"GSM2049101","Patient 45 Normal","Control","GSE77314","Illumina Genome Analyzer (GPL9052)"
"GSM2049102","Patient 46 Normal","Control","GSE77314","Illumina Genome Analyzer (GPL9052)"
"GSM2049103","Patient 47 Normal","Control","GSE77314","Illumina Genome Analyzer (GPL9052)"
"GSM2049104","Patient 48 Normal","Control","GSE77314","Illumina Genome Analyzer (GPL9052)"
"GSM2049105","Patient 49 Normal","Control","GSE77314","Illumina Genome Analyzer (GPL9052)"
"GSM2049106","Patient 50 Normal","Control","GSE77314","Illumina Genome Analyzer (GPL9052)"
"GSM2049107","Patient 1 Tumor","Diseased","GSE77314","Illumina Genome Analyzer (GPL9052)"
"GSM2049108","Patient 2 Tumor","Diseased","GSE77314","Illumina Genome Analyzer (GPL9052)"
"GSM2049109","Patient 3 Tumor","Diseased","GSE77314","Illumina Genome Analyzer (GPL9052)"
"GSM2049110","Patient 4 Tumor","Diseased","GSE77314","Illumina Genome Analyzer (GPL9052)"
"GSM2049111","Patient 5 Tumor","Diseased","GSE77314","Illumina Genome Analyzer (GPL9052)"
"GSM2049112","Patient 6 Tumor","Diseased","GSE77314","Illumina Genome Analyzer (GPL9052)"
"GSM2049113","Patient 7 Tumor","Diseased","GSE77314","Illumina Genome Analyzer (GPL9052)"
"GSM2049114","Patient 8 Tumor","Diseased","GSE77314","Illumina Genome Analyzer (GPL9052)"
"GSM2049115","Patient 9 Tumor","Diseased","GSE77314","Illumina Genome Analyzer (GPL9052)"
"GSM2049116","Patient 10 Tumor","Diseased","GSE77314","Illumina Genome Analyzer (GPL9052)"
"GSM2049117","Patient 11 Tumor","Diseased","GSE77314","Illumina Genome Analyzer (GPL9052)"
"GSM2049118","Patient 12 Tumor","Diseased","GSE77314","Illumina Genome Analyzer (GPL9052)"
"GSM2049119","Patient 13 Tumor","Diseased","GSE77314","Illumina Genome Analyzer (GPL9052)"
"GSM2049120","Patient 14 Tumor","Diseased","GSE77314","Illumina Genome Analyzer (GPL9052)"
"GSM2049121","Patient 15 Tumor","Diseased","GSE77314","Illumina Genome Analyzer (GPL9052)"
"GSM2049122","Patient 16 Tumor","Diseased","GSE77314","Illumina Genome Analyzer (GPL9052)"
"GSM2049123","Patient 17 Tumor","Diseased","GSE77314","Illumina Genome Analyzer (GPL9052)"
"GSM2049124","Patient 18 Tumor","Diseased","GSE77314","Illumina Genome Analyzer (GPL9052)"
"GSM2049125","Patient 19 Tumor","Diseased","GSE77314","Illumina Genome Analyzer (GPL9052)"
"GSM2049126","Patient 20 Tumor","Diseased","GSE77314","Illumina Genome Analyzer (GPL9052)"
"GSM2049127","Patient 21 Tumor","Diseased","GSE77314","Illumina Genome Analyzer (GPL9052)"
"GSM2049128","Patient 22 Tumor","Diseased","GSE77314","Illumina Genome Analyzer (GPL9052)"
"GSM2049129","Patient 23 Tumor","Diseased","GSE77314","Illumina Genome Analyzer (GPL9052)"
"GSM2049130","Patient 24 Tumor","Diseased","GSE77314","Illumina Genome Analyzer (GPL9052)"
"GSM2049131","Patient 25 Tumor","Diseased","GSE77314","Illumina Genome Analyzer (GPL9052)"
"GSM2049132","Patient 26 Tumor","Diseased","GSE77314","Illumina Genome Analyzer (GPL9052)"
"GSM2049133","Patient 27 Tumor","Diseased","GSE77314","Illumina Genome Analyzer (GPL9052)"
"GSM2049134","Patient 28 Tumor","Diseased","GSE77314","Illumina Genome Analyzer (GPL9052)"
"GSM2049135","Patient 29 Tumor","Diseased","GSE77314","Illumina Genome Analyzer (GPL9052)"
"GSM2049136","Patient 30 Tumor","Diseased","GSE77314","Illumina Genome Analyzer (GPL9052)"
"GSM2049137","Patient 31 Tumor","Diseased","GSE77314","Illumina Genome Analyzer (GPL9052)"
"GSM2049138","Patient 32 Tumor","Diseased","GSE77314","Illumina Genome Analyzer (GPL9052)"
"GSM2049139","Patient 33 Tumor","Diseased","GSE77314","Illumina Genome Analyzer (GPL9052)"
"GSM2049140","Patient 34 Tumor","Diseased","GSE77314","Illumina Genome Analyzer (GPL9052)"
"GSM2049141","Patient 35 Tumor","Diseased","GSE77314","Illumina Genome Analyzer (GPL9052)"
"GSM2049142","Patient 36 Tumor","Diseased","GSE77314","Illumina Genome Analyzer (GPL9052)"
"GSM2049143","Patient 37 Tumor","Diseased","GSE77314","Illumina Genome Analyzer (GPL9052)"
"GSM2049144","Patient 38 Tumor","Diseased","GSE77314","Illumina Genome Analyzer (GPL9052)"
"GSM2049145","Patient 39 Tumor","Diseased","GSE77314","Illumina Genome Analyzer (GPL9052)"
"GSM2049146","Patient 40 Tumor","Diseased","GSE77314","Illumina Genome Analyzer (GPL9052)"
"GSM2049147","Patient 41 Tumor","Diseased","GSE77314","Illumina Genome Analyzer (GPL9052)"
"GSM2049148","Patient 42 Tumor","Diseased","GSE77314","Illumina Genome Analyzer (GPL9052)"
"GSM2049149","Patient 43 Tumor","Diseased","GSE77314","Illumina Genome Analyzer (GPL9052)"
"GSM2049150","Patient 44 Tumor","Diseased","GSE77314","Illumina Genome Analyzer (GPL9052)"
"GSM2049151","Patient 45 Tumor","Diseased","GSE77314","Illumina Genome Analyzer (GPL9052)"
"GSM2049152","Patient 46 Tumor","Diseased","GSE77314","Illumina Genome Analyzer (GPL9052)"
"GSM2049153","Patient 47 Tumor","Diseased","GSE77314","Illumina Genome Analyzer (GPL9052)"
"GSM2049154","Patient 48 Tumor","Diseased","GSE77314","Illumina Genome Analyzer (GPL9052)"
"GSM2049155","Patient 49 Tumor","Diseased","GSE77314","Illumina Genome Analyzer (GPL9052)"
"GSM2049156","Patient 50 Tumor","Diseased","GSE77314","Illumina Genome Analyzer (GPL9052)"
"GSM3536049","L001P","Control","GSE124535","Illumina HiSeq X Ten (GPL20795)"
"GSM3536050","L003P","Control","GSE124535","Illumina HiSeq X Ten (GPL20795)"
"GSM3536051","L004P","Control","GSE124535","Illumina HiSeq X Ten (GPL20795)"
"GSM3536052","L005P","Control","GSE124535","Illumina HiSeq X Ten (GPL20795)"
"GSM3536053","L008P","Control","GSE124535","Illumina HiSeq X Ten (GPL20795)"
"GSM3536054","L010P","Control","GSE124535","Illumina HiSeq X Ten (GPL20795)"
"GSM3536055","L012P","Control","GSE124535","Illumina HiSeq X Ten (GPL20795)"
"GSM3536056","L014P","Control","GSE124535","Illumina HiSeq X Ten (GPL20795)"
"GSM3536057","L016P","Control","GSE124535","Illumina HiSeq X Ten (GPL20795)"
"GSM3536058","L017P","Control","GSE124535","Illumina HiSeq X Ten (GPL20795)"
"GSM3536059","L019P","Control","GSE124535","Illumina HiSeq X Ten (GPL20795)"
"GSM3536060","L021P","Control","GSE124535","Illumina HiSeq X Ten (GPL20795)"
"GSM3536061","L023P","Control","GSE124535","Illumina HiSeq X Ten (GPL20795)"
"GSM3536062","L024P","Control","GSE124535","Illumina HiSeq X Ten (GPL20795)"
"GSM3536063","L025P","Control","GSE124535","Illumina HiSeq X Ten (GPL20795)"
"GSM3536064","L026P","Control","GSE124535","Illumina HiSeq X Ten (GPL20795)"
"GSM3536065","L028P","Control","GSE124535","Illumina HiSeq X Ten (GPL20795)"
"GSM3536066","L030P","Control","GSE124535","Illumina HiSeq X Ten (GPL20795)"
"GSM3536067","L032P","Control","GSE124535","Illumina HiSeq X Ten (GPL20795)"
"GSM3536068","L033P","Control","GSE124535","Illumina HiSeq X Ten (GPL20795)"
"GSM3536069","L035P","Control","GSE124535","Illumina HiSeq X Ten (GPL20795)"
"GSM3536070","L037P","Control","GSE124535","Illumina HiSeq X Ten (GPL20795)"
"GSM3536071","L038P","Control","GSE124535","Illumina HiSeq X Ten (GPL20795)"
"GSM3536072","L039P","Control","GSE124535","Illumina HiSeq X Ten (GPL20795)"
"GSM3536073","L040P","Control","GSE124535","Illumina HiSeq X Ten (GPL20795)"
"GSM3536074","L041P","Control","GSE124535","Illumina HiSeq X Ten (GPL20795)"
"GSM3536075","L042P","Control","GSE124535","Illumina HiSeq X Ten (GPL20795)"
"GSM3536076","L076P","Control","GSE124535","Illumina HiSeq X Ten (GPL20795)"
"GSM3536077","L044P","Control","GSE124535","Illumina HiSeq X Ten (GPL20795)"
"GSM3536078","L045P","Control","GSE124535","Illumina HiSeq X Ten (GPL20795)"
"GSM3536079","L046P","Control","GSE124535","Illumina HiSeq X Ten (GPL20795)"
"GSM3536080","L047P","Control","GSE124535","Illumina HiSeq X Ten (GPL20795)"
"GSM3536081","L048P","Control","GSE124535","Illumina HiSeq X Ten (GPL20795)"
"GSM3536082","L052P","Control","GSE124535","Illumina HiSeq X Ten (GPL20795)"
"GSM3536083","L056P","Control","GSE124535","Illumina HiSeq X Ten (GPL20795)"
"GSM3536084","L001T","Diseased","GSE124535","Illumina HiSeq X Ten (GPL20795)"
"GSM3536085","L003T","Diseased","GSE124535","Illumina HiSeq X Ten (GPL20795)"
"GSM3536086","L004T","Diseased","GSE124535","Illumina HiSeq X Ten (GPL20795)"
"GSM3536087","L005T","Diseased","GSE124535","Illumina HiSeq X Ten (GPL20795)"
"GSM3536088","L008T","Diseased","GSE124535","Illumina HiSeq X Ten (GPL20795)"
"GSM3536089","L010T","Diseased","GSE124535","Illumina HiSeq X Ten (GPL20795)"
"GSM3536090","L012T","Diseased","GSE124535","Illumina HiSeq X Ten (GPL20795)"
"GSM3536091","L014T","Diseased","GSE124535","Illumina HiSeq X Ten (GPL20795)"
"GSM3536092","L016T","Diseased","GSE124535","Illumina HiSeq X Ten (GPL20795)"
"GSM3536093","L017T","Diseased","GSE124535","Illumina HiSeq X Ten (GPL20795)"
"GSM3536094","L019T","Diseased","GSE124535","Illumina HiSeq X Ten (GPL20795)"
"GSM3536095","L021T","Diseased","GSE124535","Illumina HiSeq X Ten (GPL20795)"
"GSM3536096","L023T","Diseased","GSE124535","Illumina HiSeq X Ten (GPL20795)"
"GSM3536097","L024T","Diseased","GSE124535","Illumina HiSeq X Ten (GPL20795)"
"GSM3536098","L025T","Diseased","GSE124535","Illumina HiSeq X Ten (GPL20795)"
"GSM3536099","L026T","Diseased","GSE124535","Illumina HiSeq X Ten (GPL20795)"
"GSM3536100","L028T","Diseased","GSE124535","Illumina HiSeq X Ten (GPL20795)"
"GSM3536101","L030T","Diseased","GSE124535","Illumina HiSeq X Ten (GPL20795)"
"GSM3536102","L032T","Diseased","GSE124535","Illumina HiSeq X Ten (GPL20795)"
"GSM3536103","L033T","Diseased","GSE124535","Illumina HiSeq X Ten (GPL20795)"
"GSM3536104","L035T","Diseased","GSE124535","Illumina HiSeq X Ten (GPL20795)"
"GSM3536105","L037T","Diseased","GSE124535","Illumina HiSeq X Ten (GPL20795)"
"GSM3536106","L038T","Diseased","GSE124535","Illumina HiSeq X Ten (GPL20795)"
"GSM3536107","L039T","Diseased","GSE124535","Illumina HiSeq X Ten (GPL20795)"
"GSM3536108","L040T","Diseased","GSE124535","Illumina HiSeq X Ten (GPL20795)"
"GSM3536109","L041T","Diseased","GSE124535","Illumina HiSeq X Ten (GPL20795)"
"GSM3536110","L042T","Diseased","GSE124535","Illumina HiSeq X Ten (GPL20795)"
"GSM3536111","L076T","Diseased","GSE124535","Illumina HiSeq X Ten (GPL20795)"
"GSM3536112","L044T","Diseased","GSE124535","Illumina HiSeq X Ten (GPL20795)"
"GSM3536113","L045T","Diseased","GSE124535","Illumina HiSeq X Ten (GPL20795)"
"GSM3536114","L046T","Diseased","GSE124535","Illumina HiSeq X Ten (GPL20795)"
"GSM3536115","L047T","Diseased","GSE124535","Illumina HiSeq X Ten (GPL20795)"
"GSM3536116","L048T","Diseased","GSE124535","Illumina HiSeq X Ten (GPL20795)"
"GSM3536117","L052T","Diseased","GSE124535","Illumina HiSeq X Ten (GPL20795)"
"GSM3536118","L056T","Diseased","GSE124535","Illumina HiSeq X Ten (GPL20795)"
"GSM4109609","Tumor T_A_004","Diseased","GSE138485","Illumina HiSeq 2500 (GPL16791)"
"GSM4109610","Tumor T_B_005","Diseased","GSE138485","Illumina HiSeq 2500 (GPL16791)"
"GSM4109611","Tumor T_C_007","Diseased","GSE138485","Illumina HiSeq 2500 (GPL16791)"
"GSM4109612","Tumor T_D_009","Diseased","GSE138485","Illumina HiSeq 2500 (GPL16791)"
"GSM4109613","Tumor T_E_010","Diseased","GSE138485","Illumina HiSeq 2500 (GPL16791)"
"GSM4109614","Tumor T_F_011","Diseased","GSE138485","Illumina HiSeq 2500 (GPL16791)"
"GSM4109615","Tumor T_G_012","Diseased","GSE138485","Illumina HiSeq 2500 (GPL16791)"
"GSM4109616","Tumor T_H_013","Diseased","GSE138485","Illumina HiSeq 2500 (GPL16791)"
"GSM4109617","Tumor T_I_014","Diseased","GSE138485","Illumina HiSeq 2500 (GPL16791)"
"GSM4109618","Tumor T_J_017","Diseased","GSE138485","Illumina HiSeq 2500 (GPL16791)"
"GSM4109619","Tumor T_K_018","Diseased","GSE138485","Illumina HiSeq 2500 (GPL16791)"
"GSM4109620","Tumor T_L_019","Diseased","GSE138485","Illumina HiSeq 2500 (GPL16791)"
"GSM4109621","Tumor T_M_020","Diseased","GSE138485","Illumina HiSeq 2500 (GPL16791)"
"GSM4109622","Tumor T_N_021","Diseased","GSE138485","Illumina HiSeq 2500 (GPL16791)"
"GSM4109623","Tumor T_O_023","Diseased","GSE138485","Illumina HiSeq 2500 (GPL16791)"
"GSM4109624","Tumor T_P_025","Diseased","GSE138485","Illumina HiSeq 2500 (GPL16791)"
"GSM4109625","Tumor T_Q_026","Diseased","GSE138485","Illumina HiSeq 2500 (GPL16791)"
"GSM4109626","Tumor T_R_027","Diseased","GSE138485","Illumina HiSeq 2500 (GPL16791)"
"GSM4109627","Tumor T_S_030","Diseased","GSE138485","Illumina HiSeq 2500 (GPL16791)"
"GSM4109628","Tumor T_T_031","Diseased","GSE138485","Illumina HiSeq 2500 (GPL16791)"
"GSM4109629","Tumor T_U_032","Diseased","GSE138485","Illumina HiSeq 2500 (GPL16791)"
"GSM4109630","Tumor T_V_033","Diseased","GSE138485","Illumina HiSeq 2500 (GPL16791)"
"GSM4109631","Tumor T_W_034","Diseased","GSE138485","Illumina HiSeq 2500 (GPL16791)"
"GSM4109632","Non Tumor NT_AA_004","Control","GSE138485","Illumina HiSeq 2500 (GPL16791)"
"GSM4109633","Non Tumor NT_BB_005","Control","GSE138485","Illumina HiSeq 2500 (GPL16791)"
"GSM4109634","Non Tumor NT_CC_007","Control","GSE138485","Illumina HiSeq 2500 (GPL16791)"
"GSM4109635","Non Tumor NT_DD_009","Control","GSE138485","Illumina HiSeq 2500 (GPL16791)"
"GSM4109636","Non Tumor NT_EE_010","Control","GSE138485","Illumina HiSeq 2500 (GPL16791)"
"GSM4109637","Non Tumor NT_FF_011","Control","GSE138485","Illumina HiSeq 2500 (GPL16791)"
"GSM4109638","Non Tumor NT_GG_012","Control","GSE138485","Illumina HiSeq 2500 (GPL16791)"
"GSM4109639","Non Tumor NT_HH_013","Control","GSE138485","Illumina HiSeq 2500 (GPL16791)"
"GSM4109640","Non Tumor NT_II_014","Control","GSE138485","Illumina HiSeq 2500 (GPL16791)"
"GSM4109641","Non Tumor NT_JJ_017","Control","GSE138485","Illumina HiSeq 2500 (GPL16791)"
"GSM4109642","Non Tumor NT_KK_018","Control","GSE138485","Illumina HiSeq 2500 (GPL16791)"
"GSM4109643","Non Tumor NT_LL_019","Control","GSE138485","Illumina HiSeq 2500 (GPL16791)"
"GSM4109644","Non Tumor NT_MM_020","Control","GSE138485","Illumina HiSeq 2500 (GPL16791)"
"GSM4109645","Non Tumor NT_NN_021","Control","GSE138485","Illumina HiSeq 2500 (GPL16791)"
"GSM4109646","Non Tumor NT_OO_023","Control","GSE138485","Illumina HiSeq 2500 (GPL16791)"
"GSM4109647","Non Tumor NT_PP_025","Control","GSE138485","Illumina HiSeq 2500 (GPL16791)"
"GSM4109648","Non Tumor NT_QQ_026","Control","GSE138485","Illumina HiSeq 2500 (GPL16791)"
"GSM4109649","Non Tumor NT_RR_027","Control","GSE138485","Illumina HiSeq 2500 (GPL16791)"
"GSM4109650","Non Tumor NT_SS_030","Control","GSE138485","Illumina HiSeq 2500 (GPL16791)"
"GSM4109651","Non Tumor NT_TT_031","Control","GSE138485","Illumina HiSeq 2500 (GPL16791)"
"GSM4109652","Non Tumor NT_UU_032","Control","GSE138485","Illumina HiSeq 2500 (GPL16791)"
"GSM4109653","Non Tumor NT_VV_033","Control","GSE138485","Illumina HiSeq 2500 (GPL16791)"
"GSM4109654","Non Tumor NT_WW_034","Control","GSE138485","Illumina HiSeq 2500 (GPL16791)"
"GSM4184958","Tumor T_X_001","Diseased","GSE138485","Illumina HiSeq 2500 (GPL16791)"
"GSM4184959","Tumor T_Y_003","Diseased","GSE138485","Illumina HiSeq 2500 (GPL16791)"
"GSM4184960","Tumor T_Z_006","Diseased","GSE138485","Illumina HiSeq 2500 (GPL16791)"
"GSM4184961","Tumor T_a_015","Diseased","GSE138485","Illumina HiSeq 2500 (GPL16791)"
"GSM4184962","Tumor T_b_016","Diseased","GSE138485","Illumina HiSeq 2500 (GPL16791)"
"GSM4184963","Tumor T_c_022","Diseased","GSE138485","Illumina HiSeq 2500 (GPL16791)"
"GSM4184964","Tumor T_d_024","Diseased","GSE138485","Illumina HiSeq 2500 (GPL16791)"
"GSM4184965","Tumor T_e_028","Diseased","GSE138485","Illumina HiSeq 2500 (GPL16791)"
"GSM4184966","Tumor T_f_029","Diseased","GSE138485","Illumina HiSeq 2500 (GPL16791)"
"GSM4184967","Non Tumor T_XX_001","Control","GSE138485","Illumina HiSeq 2500 (GPL16791)"
"GSM4184968","Non Tumor T_YY_003","Control","GSE138485","Illumina HiSeq 2500 (GPL16791)"
"GSM4184969","Non Tumor T_ZZ_006","Control","GSE138485","Illumina HiSeq 2500 (GPL16791)"
"GSM4184970","Non Tumor T_aa_015","Control","GSE138485","Illumina HiSeq 2500 (GPL16791)"
"GSM4184971","Non Tumor T_bb_016","Control","GSE138485","Illumina HiSeq 2500 (GPL16791)"
"GSM4184972","Non Tumor T_cc_022","Control","GSE138485","Illumina HiSeq 2500 (GPL16791)"
"GSM4184973","Non Tumor T_dd_024","Control","GSE138485","Illumina HiSeq 2500 (GPL16791)"
"GSM4184974","Non Tumor T_ee_028","Control","GSE138485","Illumina HiSeq 2500 (GPL16791)"
"GSM4184975","Non Tumor T_ff_029","Control","GSE138485","Illumina HiSeq 2500 (GPL16791)"
"GSM4284605","pat 10 tumor","Diseased","GSE144269","Illumina NovaSeq 6000 (GPL24676)"
"GSM4284606","pat 10 non-tumor","Control","GSE144269","Illumina NovaSeq 6000 (GPL24676)"
"GSM4284607","pat 11 tumor","Diseased","GSE144269","Illumina NovaSeq 6000 (GPL24676)"
"GSM4284608","pat 11 non-tumor","Control","GSE144269","Illumina NovaSeq 6000 (GPL24676)"
"GSM4284609","pat 12 tumor","Diseased","GSE144269","Illumina NovaSeq 6000 (GPL24676)"
"GSM4284610","pat 12 non-tumor","Control","GSE144269","Illumina NovaSeq 6000 (GPL24676)"
"GSM4284611","pat 13 tumor","Diseased","GSE144269","Illumina NovaSeq 6000 (GPL24676)"
"GSM4284612","pat 13 non-tumor","Control","GSE144269","Illumina NovaSeq 6000 (GPL24676)"
"GSM4284613","pat 14 tumor","Diseased","GSE144269","Illumina NovaSeq 6000 (GPL24676)"
"GSM4284614","pat 14 non-tumor","Control","GSE144269","Illumina NovaSeq 6000 (GPL24676)"
"GSM4284615","pat 15 tumor","Diseased","GSE144269","Illumina NovaSeq 6000 (GPL24676)"
"GSM4284616","pat 15 non-tumor","Control","GSE144269","Illumina NovaSeq 6000 (GPL24676)"
"GSM4284617","pat 16 tumor","Diseased","GSE144269","Illumina NovaSeq 6000 (GPL24676)"
"GSM4284618","pat 16 non-tumor","Control","GSE144269","Illumina NovaSeq 6000 (GPL24676)"
"GSM4284619","pat 17 tumor","Diseased","GSE144269","Illumina NovaSeq 6000 (GPL24676)"
"GSM4284620","pat 17 non-tumor","Control","GSE144269","Illumina NovaSeq 6000 (GPL24676)"
"GSM4284621","pat 18 tumor","Diseased","GSE144269","Illumina NovaSeq 6000 (GPL24676)"
"GSM4284622","pat 18 non-tumor","Control","GSE144269","Illumina NovaSeq 6000 (GPL24676)"
"GSM4284623","pat 19 tumor","Diseased","GSE144269","Illumina NovaSeq 6000 (GPL24676)"
"GSM4284624","pat 19 non-tumor","Control","GSE144269","Illumina NovaSeq 6000 (GPL24676)"
"GSM4284625","pat 1 tumor","Diseased","GSE144269","Illumina NovaSeq 6000 (GPL24676)"
"GSM4284626","pat 1 non-tumor","Control","GSE144269","Illumina NovaSeq 6000 (GPL24676)"
"GSM4284627","pat 20 tumor","Diseased","GSE144269","Illumina NovaSeq 6000 (GPL24676)"
"GSM4284628","pat 20 non-tumor","Control","GSE144269","Illumina NovaSeq 6000 (GPL24676)"
"GSM4284629","pat 21 tumor","Diseased","GSE144269","Illumina NovaSeq 6000 (GPL24676)"
"GSM4284630","pat 21 non-tumor","Control","GSE144269","Illumina NovaSeq 6000 (GPL24676)"
"GSM4284631","pat 22 tumor","Diseased","GSE144269","Illumina NovaSeq 6000 (GPL24676)"
"GSM4284632","pat 22 non-tumor","Control","GSE144269","Illumina NovaSeq 6000 (GPL24676)"
"GSM4284633","pat 23 tumor","Diseased","GSE144269","Illumina NovaSeq 6000 (GPL24676)"
"GSM4284634","pat 23 non-tumor","Control","GSE144269","Illumina NovaSeq 6000 (GPL24676)"
"GSM4284635","pat 24 tumor","Diseased","GSE144269","Illumina NovaSeq 6000 (GPL24676)"
"GSM4284636","pat 24 non-tumor","Control","GSE144269","Illumina NovaSeq 6000 (GPL24676)"
"GSM4284637","pat 25 tumor","Diseased","GSE144269","Illumina NovaSeq 6000 (GPL24676)"
"GSM4284638","pat 25 non-tumor","Control","GSE144269","Illumina NovaSeq 6000 (GPL24676)"
"GSM4284639","pat 26 tumor","Diseased","GSE144269","Illumina NovaSeq 6000 (GPL24676)"
"GSM4284640","pat 26 non-tumor","Control","GSE144269","Illumina NovaSeq 6000 (GPL24676)"
"GSM4284641","pat 27 tumor","Diseased","GSE144269","Illumina NovaSeq 6000 (GPL24676)"
"GSM4284642","pat 27 non-tumor","Control","GSE144269","Illumina NovaSeq 6000 (GPL24676)"
"GSM4284643","pat 28 tumor","Diseased","GSE144269","Illumina NovaSeq 6000 (GPL24676)"
"GSM4284644","pat 28 non-tumor","Control","GSE144269","Illumina NovaSeq 6000 (GPL24676)"
"GSM4284645","pat 29 tumor","Diseased","GSE144269","Illumina NovaSeq 6000 (GPL24676)"
"GSM4284646","pat 29 non-tumor","Control","GSE144269","Illumina NovaSeq 6000 (GPL24676)"
"GSM4284647","pat 2 tumor","Diseased","GSE144269","Illumina NovaSeq 6000 (GPL24676)"
"GSM4284648","pat 2 non-tumor","Control","GSE144269","Illumina NovaSeq 6000 (GPL24676)"
"GSM4284649","pat 30 tumor","Diseased","GSE144269","Illumina NovaSeq 6000 (GPL24676)"
"GSM4284650","pat 30 non-tumor","Control","GSE144269","Illumina NovaSeq 6000 (GPL24676)"
"GSM4284651","pat 31 tumor","Diseased","GSE144269","Illumina NovaSeq 6000 (GPL24676)"
"GSM4284652","pat 31 non-tumor","Control","GSE144269","Illumina NovaSeq 6000 (GPL24676)"
"GSM4284653","pat 32 tumor","Diseased","GSE144269","Illumina NovaSeq 6000 (GPL24676)"
"GSM4284654","pat 32 non-tumor","Control","GSE144269","Illumina NovaSeq 6000 (GPL24676)"
"GSM4284655","pat 33 tumor","Diseased","GSE144269","Illumina NovaSeq 6000 (GPL24676)"
"GSM4284656","pat 33 non-tumor","Control","GSE144269","Illumina NovaSeq 6000 (GPL24676)"
"GSM4284657","pat 34 tumor","Diseased","GSE144269","Illumina NovaSeq 6000 (GPL24676)"
"GSM4284658","pat 34 non-tumor","Control","GSE144269","Illumina NovaSeq 6000 (GPL24676)"
"GSM4284659","pat 35 tumor","Diseased","GSE144269","Illumina NovaSeq 6000 (GPL24676)"
"GSM4284660","pat 35 non-tumor","Control","GSE144269","Illumina NovaSeq 6000 (GPL24676)"
"GSM4284661","pat 36 tumor","Diseased","GSE144269","Illumina NovaSeq 6000 (GPL24676)"
"GSM4284662","pat 36 non-tumor","Control","GSE144269","Illumina NovaSeq 6000 (GPL24676)"
"GSM4284663","pat 37 tumor","Diseased","GSE144269","Illumina NovaSeq 6000 (GPL24676)"
"GSM4284664","pat 37 non-tumor","Control","GSE144269","Illumina NovaSeq 6000 (GPL24676)"
"GSM4284665","pat 38 tumor","Diseased","GSE144269","Illumina NovaSeq 6000 (GPL24676)"
"GSM4284666","pat 38 non-tumor","Control","GSE144269","Illumina NovaSeq 6000 (GPL24676)"
"GSM4284667","pat 39 tumor","Diseased","GSE144269","Illumina NovaSeq 6000 (GPL24676)"
"GSM4284668","pat 39 non-tumor","Control","GSE144269","Illumina NovaSeq 6000 (GPL24676)"
"GSM4284669","pat 3 tumor","Diseased","GSE144269","Illumina NovaSeq 6000 (GPL24676)"
"GSM4284670","pat 3 non-tumor","Control","GSE144269","Illumina NovaSeq 6000 (GPL24676)"
"GSM4284671","pat 40 tumor","Diseased","GSE144269","Illumina NovaSeq 6000 (GPL24676)"
"GSM4284672","pat 40 non-tumor","Control","GSE144269","Illumina NovaSeq 6000 (GPL24676)"
"GSM4284673","pat 41 tumor","Diseased","GSE144269","Illumina NovaSeq 6000 (GPL24676)"
"GSM4284674","pat 41 non-tumor","Control","GSE144269","Illumina NovaSeq 6000 (GPL24676)"
"GSM4284675","pat 42 tumor","Diseased","GSE144269","Illumina NovaSeq 6000 (GPL24676)"
"GSM4284676","pat 42 non-tumor","Control","GSE144269","Illumina NovaSeq 6000 (GPL24676)"
"GSM4284677","pat 43 tumor","Diseased","GSE144269","Illumina NovaSeq 6000 (GPL24676)"
"GSM4284678","pat 43 non-tumor","Control","GSE144269","Illumina NovaSeq 6000 (GPL24676)"
"GSM4284679","pat 44 tumor","Diseased","GSE144269","Illumina NovaSeq 6000 (GPL24676)"
"GSM4284680","pat 44 non-tumor","Control","GSE144269","Illumina NovaSeq 6000 (GPL24676)"
"GSM4284681","pat 45 tumor","Diseased","GSE144269","Illumina NovaSeq 6000 (GPL24676)"
"GSM4284682","pat 45 non-tumor","Control","GSE144269","Illumina NovaSeq 6000 (GPL24676)"
"GSM4284683","pat 46 tumor","Diseased","GSE144269","Illumina NovaSeq 6000 (GPL24676)"
"GSM4284684","pat 46 non-tumor","Control","GSE144269","Illumina NovaSeq 6000 (GPL24676)"
"GSM4284685","pat 47 tumor","Diseased","GSE144269","Illumina NovaSeq 6000 (GPL24676)"
"GSM4284686","pat 47 non-tumor","Control","GSE144269","Illumina NovaSeq 6000 (GPL24676)"
"GSM4284687","pat 48 tumor","Diseased","GSE144269","Illumina NovaSeq 6000 (GPL24676)"
"GSM4284688","pat 48 non-tumor","Control","GSE144269","Illumina NovaSeq 6000 (GPL24676)"
"GSM4284689","pat 49 tumor","Diseased","GSE144269","Illumina NovaSeq 6000 (GPL24676)"
"GSM4284690","pat 49 non-tumor","Control","GSE144269","Illumina NovaSeq 6000 (GPL24676)"
"GSM4284691","pat 4 tumor","Diseased","GSE144269","Illumina NovaSeq 6000 (GPL24676)"
"GSM4284692","pat 4 non-tumor","Control","GSE144269","Illumina NovaSeq 6000 (GPL24676)"
"GSM4284693","pat 50 tumor","Diseased","GSE144269","Illumina NovaSeq 6000 (GPL24676)"
"GSM4284694","pat 50 non-tumor","Control","GSE144269","Illumina NovaSeq 6000 (GPL24676)"
"GSM4284695","pat 51 tumor","Diseased","GSE144269","Illumina NovaSeq 6000 (GPL24676)"
"GSM4284696","pat 51 non-tumor","Control","GSE144269","Illumina NovaSeq 6000 (GPL24676)"
"GSM4284697","pat 52 tumor","Diseased","GSE144269","Illumina NovaSeq 6000 (GPL24676)"
"GSM4284698","pat 52 non-tumor","Control","GSE144269","Illumina NovaSeq 6000 (GPL24676)"
"GSM4284699","pat 53 tumor","Diseased","GSE144269","Illumina NovaSeq 6000 (GPL24676)"
"GSM4284700","pat 53 non-tumor","Control","GSE144269","Illumina NovaSeq 6000 (GPL24676)"
"GSM4284701","pat 54 tumor","Diseased","GSE144269","Illumina NovaSeq 6000 (GPL24676)"
"GSM4284702","pat 54 non-tumor","Control","GSE144269","Illumina NovaSeq 6000 (GPL24676)"
"GSM4284703","pat 55 tumor","Diseased","GSE144269","Illumina NovaSeq 6000 (GPL24676)"
"GSM4284704","pat 55 non-tumor","Control","GSE144269","Illumina NovaSeq 6000 (GPL24676)"
"GSM4284705","pat 56 tumor","Diseased","GSE144269","Illumina NovaSeq 6000 (GPL24676)"
"GSM4284706","pat 56 non-tumor","Control","GSE144269","Illumina NovaSeq 6000 (GPL24676)"
"GSM4284707","pat 57 tumor","Diseased","GSE144269","Illumina NovaSeq 6000 (GPL24676)"
"GSM4284708","pat 57 non-tumor","Control","GSE144269","Illumina NovaSeq 6000 (GPL24676)"
"GSM4284709","pat 58 tumor","Diseased","GSE144269","Illumina NovaSeq 6000 (GPL24676)"
"GSM4284710","pat 58 non-tumor","Control","GSE144269","Illumina NovaSeq 6000 (GPL24676)"
"GSM4284711","pat 59 tumor","Diseased","GSE144269","Illumina NovaSeq 6000 (GPL24676)"
"GSM4284712","pat 59 non-tumor","Control","GSE144269","Illumina NovaSeq 6000 (GPL24676)"
"GSM4284713","pat 5 tumor","Diseased","GSE144269","Illumina NovaSeq 6000 (GPL24676)"
"GSM4284714","pat 5 non-tumor","Control","GSE144269","Illumina NovaSeq 6000 (GPL24676)"
"GSM4284715","pat 60 tumor","Diseased","GSE144269","Illumina NovaSeq 6000 (GPL24676)"
"GSM4284716","pat 60 non-tumor","Control","GSE144269","Illumina NovaSeq 6000 (GPL24676)"
"GSM4284717","pat 61 tumor","Diseased","GSE144269","Illumina NovaSeq 6000 (GPL24676)"
"GSM4284718","pat 61 non-tumor","Control","GSE144269","Illumina NovaSeq 6000 (GPL24676)"
"GSM4284719","pat 62 tumor","Diseased","GSE144269","Illumina NovaSeq 6000 (GPL24676)"
"GSM4284720","pat 62 non-tumor","Control","GSE144269","Illumina NovaSeq 6000 (GPL24676)"
"GSM4284721","pat 63 tumor","Diseased","GSE144269","Illumina NovaSeq 6000 (GPL24676)"
"GSM4284722","pat 63 non-tumor","Control","GSE144269","Illumina NovaSeq 6000 (GPL24676)"
"GSM4284723","pat 64 tumor","Diseased","GSE144269","Illumina NovaSeq 6000 (GPL24676)"
"GSM4284724","pat 64 non-tumor","Control","GSE144269","Illumina NovaSeq 6000 (GPL24676)"
"GSM4284725","pat 65 tumor","Diseased","GSE144269","Illumina NovaSeq 6000 (GPL24676)"
"GSM4284726","pat 65 non-tumor","Control","GSE144269","Illumina NovaSeq 6000 (GPL24676)"
"GSM4284727","pat 66 tumor","Diseased","GSE144269","Illumina NovaSeq 6000 (GPL24676)"
"GSM4284728","pat 66 non-tumor","Control","GSE144269","Illumina NovaSeq 6000 (GPL24676)"
"GSM4284729","pat 67 tumor","Diseased","GSE144269","Illumina NovaSeq 6000 (GPL24676)"
"GSM4284730","pat 67 non-tumor","Control","GSE144269","Illumina NovaSeq 6000 (GPL24676)"
"GSM4284731","pat 68 tumor","Diseased","GSE144269","Illumina NovaSeq 6000 (GPL24676)"
"GSM4284732","pat 68 non-tumor","Control","GSE144269","Illumina NovaSeq 6000 (GPL24676)"
"GSM4284733","pat 69 tumor","Diseased","GSE144269","Illumina NovaSeq 6000 (GPL24676)"
"GSM4284734","pat 69 non-tumor","Control","GSE144269","Illumina NovaSeq 6000 (GPL24676)"
"GSM4284735","pat 6 tumor","Diseased","GSE144269","Illumina NovaSeq 6000 (GPL24676)"
"GSM4284736","pat 6 non-tumor","Control","GSE144269","Illumina NovaSeq 6000 (GPL24676)"
"GSM4284737","pat 70 tumor","Diseased","GSE144269","Illumina NovaSeq 6000 (GPL24676)"
"GSM4284738","pat 70 non-tumor","Control","GSE144269","Illumina NovaSeq 6000 (GPL24676)"
"GSM4284739","pat 7 tumor","Diseased","GSE144269","Illumina NovaSeq 6000 (GPL24676)"
"GSM4284740","pat 7 non-tumor","Control","GSE144269","Illumina NovaSeq 6000 (GPL24676)"
"GSM4284741","pat 8 tumor","Diseased","GSE144269","Illumina NovaSeq 6000 (GPL24676)"
"GSM4284742","pat 8 non-tumor","Control","GSE144269","Illumina NovaSeq 6000 (GPL24676)"
"GSM4284743","pat 9 tumor","Diseased","GSE144269","Illumina NovaSeq 6000 (GPL24676)"
"GSM4284744","pat 9 non-tumor","Control","GSE144269","Illumina NovaSeq 6000 (GPL24676)"
